file	block_index	offset_hex	continuation	rule_count	payload_size	unpacked_size	unpacked_sha256
PACS/A00.PAC	0	0x0	1	24	2877	4857	3eae8ad53d652d07d42dc4649072157bbd3c9ece85d5f0df4c407b3ed18fec7a
PACS/A00.PAC	1	0xB89	0	27	2789	4857	c5d21fb13b17a1f9891f01ade2606abba8b4a5fb221ce27ed3daaf8ff9e57030
PACS/A01.PAC	0	0x0	1	52	1691	3709	22b95b88a332951d499d24c8d58a20305d2d53de0073a2065752c10f478d9035
PACS/A01.PAC	1	0x73B	1	41	1917	2782	6ea9a895e9406890d3d847c9923b8d70275a320e83def4ebaebb37d7f9d4237d
PACS/A01.PAC	2	0xF37	1	32	3131	4173	d410bb17f77158c6b2c8925f0108c53602f2bf7cdea0534d7cc25311ebef68eb
PACS/A01.PAC	3	0x1BD6	0	38	2525	4174	04b03bae6660e124651eeea31dae7e65ecef8300c3ddafe9f37242bc8d722994
PACS/A02.PAC	0	0x0	1	57	1936	2685	2b3eb4034c8779719b41c239013c3dc7f6427190f931534302ea05dc38f240e3
PACS/A02.PAC	1	0x83F	1	28	3455	4028	f7df047c08472961182cf0be8133438cb4fa0839707fc99ee55c9838ca92fede
PACS/A02.PAC	2	0x1616	1	30	1704	2014	80ca1f21bfa8b35970e2dff34ec5b77b5eae1bf5f8f0d5e2cc01634da1115e44
PACS/A02.PAC	3	0x1D1C	0	115	1148	2015	4823610818a0cd9e96f936e6e6d3aadcd79b2278ec43d402416b31e87a28ed6e
PACS/A03.PAC	0	0x0	1	32	1660	2584	1f71618d6af3e6634d450d1248cf2d059adab12243d980126e92962f5323a5a8
PACS/A03.PAC	1	0x6E0	1	25	1423	1938	81aad936b19c1de949e5cd6e3ba5157371840277def6953ad247698e4d673bb4
PACS/A03.PAC	2	0xCBE	1	24	993	1454	9ecfcaf0cac2cbb912ea338be77fdd5e749d6c1e8788a8247079713e76865aa8
PACS/A03.PAC	3	0x10EB	1	9	964	1090	b0aa07ff73d2546a204f9b8ccc9bbb7826498117b5258620eaf0ac028e1eda55
PACS/A03.PAC	4	0x14CE	1	24	1328	1636	b2561e1fd15c937afd4abeb41635191249688691223a8758d00f4b2f8a956cbc
PACS/A03.PAC	5	0x1A4A	0	51	1254	1636	73b81ec74e749aab2c164f1f61fbfbe9029a25ba2d507859168a761b1dc94b3f
PACS/A04.PAC	0	0x0	1	27	1596	2671	e899d87648040769980fd3b19d6d5df7d48cf3c8f26fa48cb9ae8c715e1f4736
PACS/A04.PAC	1	0x691	1	31	1625	2003	b1e771f63e6b97f33a2b23cfecfc8f8947daec161c9f9e3f55dc1480f277eb4a
PACS/A04.PAC	2	0xD4B	1	17	1314	1502	ecf8d335c9d76ecc2bb53a46e0af60cbd2945916bdc9b8a45cdc06929782f978
PACS/A04.PAC	3	0x12A4	1	13	992	1127	28142ba5b20f1fadd43598418972ad19c3f871200dfe2a749174b94811fd893e
PACS/A04.PAC	4	0x16AF	1	24	1436	1690	8362d847bf827da2a688185c595b22dba2f27d8e2f52fb58cae5e6c732024363
PACS/A04.PAC	5	0x1C97	0	47	1347	1691	05bb8a130efc66cc6568a9fcb5bb920e4bd5b1c576cf34ab5b94cfc851edd20e
PACS/A05.PAC	0	0x0	1	35	2903	4926	5a124eef70ca9853c53038f07abf1f16bbabcf6c200a8af8c7de74a003328b9a
PACS/A05.PAC	1	0xBC4	1	48	1787	2463	abb50e166572fc3ccbf756f4e55ce4c56b889295b9fd2ffcc75a187b76b27518
PACS/A05.PAC	2	0x1353	0	55	1824	2463	a42f0c178d9bf89df5ae0e8d7142659bdb7002fb3a0ce058cecf683f315541a4
PACS/A06.PAC	0	0x0	1	40	1841	3169	0c33a91cc47e400c65f8048a5e507a0837fd484df6cd3881a12e3189f296ceae
PACS/A06.PAC	1	0x7AD	1	40	1412	2376	11330dee98651afb317ff05cefccd698d3a91e240100952fec8c1706b5d5953a
PACS/A06.PAC	2	0xDAD	1	40	1141	1782	063d86e45295300fea7a5fbe51b96b3aac25472dd20c8a07e3d0fe139b2ab4a5
PACS/A06.PAC	3	0x129E	0	26	4132	5349	baf0b52155c931a61750b7e82d68ba1d244a085a7c4b5f3b0e2d9dc86da118f1
PACS/A07.PAC	0	0x0	1	49	1965	3145	554c332db78e8980c14dea8dac07b0059bfbfc7f29a779e0a87f7424d92ea4be
PACS/A07.PAC	1	0x844	1	33	3472	4717	db349a8f09fbcd428d3f5eb9dc8150446310e499c9fe5861227647ccb03b3de0
PACS/A07.PAC	2	0x163B	0	53	3089	4718	196695e7ab96845c01be44cd1fac680eb9f35960cbd37ab6697eee59f4dda5c5
PACS/A08.PAC	0	0x0	1	27	2308	3653	a3f077d68c1e8010dd7556fdc40e29c323d995224ccd2ddea14a386d1d0fe905
PACS/A08.PAC	1	0x959	1	11	1234	1369	908a3d1d457cc199d0283918864563bce158dc19c9fdc1459e7b57a2ddd6e05a
PACS/A08.PAC	2	0xE50	1	13	1029	1198	765bf7605dc80e27d24fcecb0295a223b422536c2d84df0b74d6fbf5c1cfb439
PACS/A08.PAC	3	0x1280	1	17	843	1049	c5414252baec550d610f6a552a1ced179c6595bb679f55d5ee17f92e94b027ef
PACS/A08.PAC	4	0x1602	1	7	798	917	36f51adb3de7f4f7e9dd46d4206a271602246677341c6bee96394780c786bb8e
PACS/A08.PAC	5	0x1939	1	43	2103	3213	51679de901f6abe49495f35ae523f54044b90ea9f376e240928f887e097a688f
PACS/A08.PAC	6	0x21F5	0	96	1796	3213	f46ba2ca0327897fc2ecb73fb980c8319c73a8884e97b0cdb147158d730a3b3b
PACS/A09.PAC	0	0x0	1	21	2460	4165	b4fbc93b851a43f3a47cf840954ecea514279cc1ed06f7af5a951eeb0ed3167a
PACS/A09.PAC	1	0x9DF	1	24	2020	3123	8ce42c09ef67f8578056ad43dabbc911c4d93bc00a18b252c105ec8307c00d41
PACS/A09.PAC	2	0x120F	1	33	1150	2343	d6db6d59266071c9c84a895e58a91b7289bb49b2e285791816abe6d21d123564
PACS/A09.PAC	3	0x16F4	1	27	2318	3514	d50a954f0f205c3957afa13510a7b791a9f85dbe7e70607f1f58512d69c66085
PACS/A09.PAC	4	0x2057	0	21	2849	3515	8ce4b500a25f15f919aa1d11cf177dc659ce3370c5ae3b11adaef286268efe04
PACS/A0A.PAC	0	0x0	1	43	1905	2957	6849f951eece86f55d2f6858805c22043ac961e1c6fc4209cfa271af9ddd6d71
PACS/A0A.PAC	1	0x7F6	1	34	1688	2218	f439175bdfbf30e18df94b7a163b210894c3faf191ce733ff47705d1835b1f5e
PACS/A0A.PAC	2	0xEF8	1	21	2497	3327	9c5f492be1315da53bff642d69eeec4437b178af7b4c3b9c1692277d717cf4e2
PACS/A0A.PAC	3	0x18FC	0	26	2644	3328	cb6560ffac3af1b6e257c33aa2cd3499d0ee09c97739c9abe5fbd1546dfbbceb
PACS/A0B.PAC	0	0x0	1	43	1860	3511	03e83a3a9a74012ebd915382584ab028629a0bf36629e32328060584b87097ef
PACS/A0B.PAC	1	0x7C9	1	27	1689	2633	52d38c16a575e09c0a858554bbacfdb72ee209229e176d2e7f6db780bab26ed7
PACS/A0B.PAC	2	0xEB7	1	39	2459	3951	724c58d63ccf6e18778b4afb3863b749540b9b59a72a3b12e023001e8729eb34
PACS/A0B.PAC	3	0x18CB	0	40	2546	3951	b269afe33739e6ad5606b1cf1608a93c0c24b3db93681383456fb33d9b1dc847
PACS/A0C.PAC	0	0x0	1	37	983	3006	bc0dad47f19f50c521877b9a4b1ed5d704a085c421a6a6a4d801f196e738b9dd
PACS/A0C.PAC	1	0x44A	1	35	1351	2255	71920060679ddf41c550c9bdb4b10ca558822d4fafdbbf45f1f9f29c41814a9b
PACS/A0C.PAC	2	0x9FE	1	25	2125	3382	85e38fd1d414478337a93803e16bb7c5858710e61c653dcf21303eefae20e1fe
PACS/A0C.PAC	3	0x129A	0	192	1492	3383	42db2aa7dbd448546a53b96ccc98c15d3bac42709f936d6190ff9b0deef7c2c3
PACS/A0D.PAC	0	0x0	1	33	1535	2927	ff1530724ca1cd4de5d0a7927af92283f9a75b6ec1ae24a525c080ad1e29f672
PACS/A0D.PAC	1	0x666	1	51	1260	2195	934a5f3ef70a060fecd60d4282aeca2e7bd80351a9878acfdc56a10b9d1f05b1
PACS/A0D.PAC	2	0xBEF	1	37	1250	1647	c484847073cb496cb1544c9164e361f5afbb4edfae73a5e9bd95fb279369c21e
PACS/A0D.PAC	3	0x1144	1	34	1774	2470	988fb5edb159b0aeb5c6cf2ca6cc467683bcaec903d57b53a19fd1b48aaf7b15
PACS/A0D.PAC	4	0x189C	0	35	1979	2471	4e38d2f0904e97d28e4a80d470ab3eea7c9dc3d54b6b3b0e26565aa204e87b11
PACS/A0E.PAC	0	0x0	1	59	1463	3306	1dad023e2b6e3978d7d08dc552ed05325617ff51bd74db4757569e21501fda1a
PACS/A0E.PAC	1	0x66C	1	21	3393	4959	6d99c21f28c6aeca839aa636b3b88073fa88d7b70d8521dced8cc0522db3a7ad
PACS/A0E.PAC	2	0x13F0	0	70	2437	4959	133869e4260e4b70726439503f7799f60d50307067599cfc55a51afded0e7638
PACS/A0F.PAC	0	0x0	1	41	1713	2435	fe884f7730b9a84d32709e2724a8560b73aa3a2a7bc131ddcf0e439c0f593aaa
PACS/A0F.PAC	1	0x730	1	24	2904	3652	6cdd012664094c83c7d6182ee8b70ee981ee75dcfef68d9d39dba4cceb4405b7
PACS/A0F.PAC	2	0x12D4	1	8	821	913	773a78b44b860944f2716be1d278ee64915bbc818a99c910c98b3e598c2d5f4c
PACS/A0F.PAC	3	0x1625	1	15	1219	1370	359103e179a4b834b006dbf1e78445ab39ed853925d5abe0cc41ca7d95b07e79
PACS/A0F.PAC	4	0x1B19	0	46	1097	1370	bc20b2789aea31d20ff8fb02dd1e65bd33760c7b106bae01806cb6392c75b27f
PACS/A10.PAC	0	0x0	1	25	2369	4352	b16fa8cd7cc9caad23e87b13c5ea0038597b26d9392c019cec01b6815c3690cb
PACS/A10.PAC	1	0x990	1	26	2354	3264	c43087b7fb10ecf2004a260dfb8f570ec90d03c37a6b9289cb5294e1424f481b
PACS/A10.PAC	2	0x1314	1	65	1230	2448	28f3c2c885b9032b137c7427568ccdd6ed0c7048e92b0cd119f54b0151023b4c
PACS/A10.PAC	3	0x18A9	1	23	1456	1836	d3f6d906c69d074a577b9e7c8744d0575aed36bf5fdb429395c0e3ace053e192
PACS/A10.PAC	4	0x1EA2	1	18	1143	1377	ad1525505c1003ce485ba563b008504bb40e42b9976850a53075eb9e6c05f02b
PACS/A10.PAC	5	0x2353	1	30	1576	2066	32242b325c2c9ce2ec47cee3117a147ecc0874cafadc0b5a4ff76f44348d1293
PACS/A10.PAC	6	0x29D9	0	19	1490	2067	153e2a6199d952ed12449cc7be25bf799e46f8e314e35e93fc12cef145b84689
PACS/ANBORD.PAC	0	0x0	0	47	1043	1768	fcba6ab96456414dfa6f6f5b702956fe397d4e4f857390d56e40dcb15c75a924
PACS/ANIMBORD.PAC	0	0x0	0	43	1040	1768	bfabc1bf7d07aeee3d8f3a29d5363549f831faf386ded7c13c5288f1784bf220
PACS/F0.PAC	0	0x0	1	61	1396	2238	0f12c5cd1b0174f617aa4dcea3ccc723283d200b60ae28b52f90018e68897923
PACS/F0.PAC	1	0x62F	1	34	2588	4197	94bd54068ac299f54e2c426e5a1620960fe2b8c4c80db942d25a0704d73f0568
PACS/F0.PAC	2	0x10B5	1	40	1991	3672	e92f5a2f41cd4b3bfa494525a91ddfcb6d8dd7a4258a749bffda6f6a1b045b5a
PACS/F0.PAC	3	0x18F8	1	41	2077	3213	44a0457e21304abdb1dfed4ae130e9c7069b4142cf9bfb8ff9703c55b5ae658a
PACS/F0.PAC	4	0x2194	1	40	1859	2812	ed96c554af24dc225b7a4ace93b73f7e172af9836d8c577f7f16b3b83445a0ea
PACS/F0.PAC	5	0x2953	1	44	2282	4921	32a304add3da8f4374ee68844512e56a94a68f7308bdb5b5890482678ec53417
PACS/F0.PAC	6	0x32C5	1	68	1589	3691	bb9a8057f34a5883759d995dfe9e68d2aa31baf2c8ffea9a9c866ebad64c6e4e
PACS/F0.PAC	7	0x39CA	1	39	1755	2768	5e383b3df327632828810e6abe3c049606c2a7dac8da5badbae5ee8c7ea8ab25
PACS/F0.PAC	8	0x411E	1	43	2746	4153	740700f7511d9b152e64e2c35413c21a33143a7e066328c7fe1286161ab8f4c2
PACS/F0.PAC	9	0x4C5D	0	28	3106	4153	f21b73737c0e62e653989d40790c13b21250c3b4e8bb86635356fb6a23b9b021
PACS/F1.PAC	0	0x0	1	59	1408	2238	1da1f829fb22eb77edbc7a1b96673b6815cc98a6107620b3970adcbf2b4f7fc1
PACS/F1.PAC	1	0x635	1	51	2170	4197	999450e1d74feaa9b9caac091964bcb370e63c21a5efee2779e376561343455e
PACS/F1.PAC	2	0xF4C	1	23	2119	3672	97e88e172275b239c506b03d93ca9cf7834c4ea2a52d01a8ddf73bd3af92c66b
PACS/F1.PAC	3	0x17DC	1	51	1886	3213	9071e7d84b54e8831de3126cfb85c46f60d552e4634e2d55f65afc689e014c4e
PACS/F1.PAC	4	0x1FD7	1	35	3083	5624	af1319f51ee00bd80b35dbfd0ba7b7af2fd1c5cbd7a34fd542133c622b050d1d
PACS/F1.PAC	5	0x2C4F	1	44	2248	4218	91ed5aff1bb4309b3e0daa0958c491edb2965ff35ffa8b71b582113850645a72
PACS/F1.PAC	6	0x359F	1	66	1552	3164	3d82b726bfe359c9cb1010164dd198b39c090cb668e55bdf2c9b35e1fbc75a42
PACS/F1.PAC	7	0x3C79	1	27	3334	4746	02ec4a66345beeb8a0463694d1110cc54510d33dd6bf71977e9b2a23af4cae7e
PACS/F1.PAC	8	0x49D4	0	22	3528	4746	d834a41754c6e49397807700862981db2a94e69ad32fee89a59e3e0727102339
PACS/F2.PAC	0	0x0	1	22	3653	6102	3157191f60fd03ef756882bd0ed789953c9ae12266f2984f583aa0355fba1674
PACS/F2.PAC	1	0xE8B	1	42	2335	4576	70a6792d115c783acb7f7ee7cabfb1df6e80f40b36b1a2ab850b670ab0d9b3c6
PACS/F2.PAC	2	0x182C	1	27	3893	6865	f0e5f50d0758e3a392b8415ff6f761a3d92bb0ba60086227915a3b6ecaa8c514
PACS/F2.PAC	3	0x27B6	1	46	1956	3432	981ea48a003a2d57126244300e2f12880f0bdf3a3a351e35671d8185ce41a751
PACS/F2.PAC	4	0x2FE8	0	60	1764	3433	55b3156a52f74fc460d407d9efd1ed2afdc2484566fd1708605e6cb90e66adac
PACS/PARTY.PAC	0	0x0	1	34	5171	16000	41f8e572517b05d621de2d442471557b2ec5b02575affe252c8d7e3509a36c4c
PACS/PARTY.PAC	1	0x149D	1	49	1384	4000	6cdea4f7dff74fac1372de49832abe13f2f4de99afac50e5beab21897ed12b36
PACS/PARTY.PAC	2	0x1A9C	1	24	1426	3000	ed8b42b92a31d2cba003e7f31fbc14af544a10161f1941bd718ec15b59e6ea25
PACS/PARTY.PAC	3	0x207A	0	41	2977	9000	53ed536f83aca868b24b6335534b54f3b685233cebd7c39df642f3c879725b2f
PACS/TILES2.PAC	0	0x0	1	22	2107	2840	5967e882b8f26db8e26f125639864e6aa86ed9e8f171fae2bf9d3003021ff88c
PACS/TILES2.PAC	1	0x881	1	30	1801	2485	7e41020526a651147163fcd35b320e7de3fa806e9253d9185f5fb34efbabb680
PACS/TILES2.PAC	2	0xFE8	1	26	3212	4348	4309d00face862e4d96d11aa077c7426a0997619aaedb846859ce6a863a2a2c7
PACS/TILES2.PAC	3	0x1CC6	1	38	3867	6523	9cca34f2fb34002616fcac4b2114a7da76527e461ffdaa48d576c74c8301fded
PACS/TILES2.PAC	4	0x2C57	1	53	1835	3262	3eb521f2575d0d567cd39598bffe32c6d1f56378c735d05b0cec57cc7a2d4d31
PACS/TILES2.PAC	5	0x3425	0	30	2419	3262	7d95d3cbb95ca73e67bd77cc74b22e47a94e924b0165cd5c6b966e0fe4cd7f1a
PACS/TILESX.PAC	0	0x0	1	24	2718	3584	b8d8ffa1640e721604d112108be14aeffb233e40f09c00850ae705c611d2197f
PACS/TILESX.PAC	1	0xAEA	1	37	1874	2688	0871988b0d666e6f206e588efcbbda0dcba87e29f27d78390ffd2a38832a8b2b
PACS/TILESX.PAC	2	0x12AF	1	23	3087	4032	5661c7ebe6a7c6dec00bd2727c0a28d65a629d83f5e7b5f460e93742b4a4ad00
PACS/TILESX.PAC	3	0x1F07	1	87	1564	2016	8030163eb07ed4c9eec1ce2868f132c2c80691a3ca391252553cd652c34e6e42
PACS/TILESX.PAC	4	0x262C	1	21	926	1008	4f3187c86ebc65938613481bb218bae8e247fc5225b1c209d8ff3139fe6dea56
PACS/TILESX.PAC	5	0x2A0D	0	21	926	1008	13567b58ab3ce9fd5f04c19c38f3ca5bd0ae7e06db34a510b1e77e8a9e7d98d2
PACS/UINV.PAC	0	0x0	0	35	1599	2816	fbba4069aa3c6c3b55c1e64feb713a466a19c23db21341b288a2e37501bd9c8c
PACS/WORLD.PAC	0	0x0	1	6	1335	1376	3a6c41bcad3109ae0a9d57988d1d065e50a11c08acf98f4de6449a26924467eb
PACS/WORLD.PAC	1	0x54D	1	175	365	1290	1f0f095f68a7563295a937ed5fa081a37ffd3547521e3a16d096d9bb9fbbc827
PACS/WORLD.PAC	2	0x8CB	1	109	696	1209	8a48cb9a8282c6363f05fae9fd9a4600adebb57ed5c01563e575637f2c622d0c
PACS/WORLD.PAC	3	0xCCE	1	52	726	1134	92f8d9b8e0c227ef25bc429dc56a3912ecf0f11a4b9d38474a1bc5bc3c68c4cc
PACS/WORLD.PAC	4	0x1044	1	16	995	1063	e6325220ee3764188b77d6b1b9725062726304897f43eb26b687eab51379499a
PACS/WORLD.PAC	5	0x145B	1	73	1648	1993	7a47100f9fe81c7b4504e158e1d951d584ada5683b018aae518551892df4b010
PACS/WORLD.PAC	6	0x1BAA	1	109	1200	1744	47f573c7e2b706610308a6b356ae13eddf1b023363955d10b08388e9879448e4
PACS/WORLD.PAC	7	0x21A5	1	54	1258	1526	a7f093432b2eacb2972c4484a93f47560196072ec2ac02af2a9b826037c39881
PACS/WORLD.PAC	8	0x2735	1	8	1299	1335	302a469ca0e654002b630a4db634c59972ca3ed5166d4db78349b50d809d738f
PACS/WORLD.PAC	9	0x2C64	1	4	1151	1168	68b51a22669d34d4d84d12f6c7e58a4e010291ddd8e12170e74169836e01f4d2
PACS/WORLD.PAC	10	0x30F3	1	3	2033	2045	9df18cd56929bc75a874a837138dcbd154d6245e258ea2483826e489ab687b96
PACS/WORLD.PAC	11	0x38F1	1	5	1510	1534	cbf1e5342a967305803d2cb3bb67a83061b0e1a94fc4522dcf2aef36d3b8be93
PACS/WORLD.PAC	12	0x3EEA	1	7	1117	1150	0f43ec2b843acfac88ff203306b2288a6e887d997556d23dfaa6dada24b25272
PACS/WORLD.PAC	13	0x4360	1	9	1683	1726	ae35c3f1eb51582cccf519392f6a0ffaf0118fca465160bb0bd5fcebcd459bfc
PACS/WORLD.PAC	14	0x4A12	1	5	839	863	69f60d0bd4a6b1fc36fb71f874556a3a26fc982f91c0b2f9b161c014f2b88bac
PACS/WORLD.PAC	15	0x4D6C	0	10	821	863	954f58aa67f6a4962650aa8f9de2e2cd08500d3eb951090516229819c9979f8a
PACS/spelbits.pac	0	0x0	1	23	1932	2303	105c521a9fc1a2ef089a5211cb86b3ce9b98c308825823b59f4efa286b4929dd
PACS/spelbits.pac	1	0x7D5	1	8	952	1079	55421e367603c65858d41ae08b5246ba4aa5ea13dea11211cb1bf6e4b3b6018d
PACS/spelbits.pac	2	0xBA9	1	27	1395	2092	2b481dafb46ab1f7558488182923ca3744332b64fa4016e68f7c2118dc16f852
PACS/spelbits.pac	3	0x1171	1	31	2715	3923	9c6220c5c0f80e8b39d580bc6dfc0933b4c17fbff89189f9520be0dafe18c334
PACS/spelbits.pac	4	0x1C6D	1	41	2018	3433	89a24877caefb1620b3985d9f3b1d8b38db2656a86e909a44d5552a8f7f4cbef
PACS/spelbits.pac	5	0x24CE	1	34	3971	6007	3e379ca70a88a34f695027ce70a407c3e50256ff5afa7c95c92ce64a33e34848
PACS/spelbits.pac	6	0x34BB	1	54	2743	4506	d750abd584fc1c72736160fd01f348e6197cd18014b430049ae239de3fff39ee
PACS/spelbits.pac	7	0x4018	1	20	1592	1689	1ed05059e35de26b250d3fadd60d2de3e7341b8dede9f8cd9b5aee42639b57df
PACS/spelbits.pac	8	0x4690	1	49	2676	2957	14c38a9f7fbe357e909fd5259829eb09f28da6c1d22e4b21cf14181341183031
PACS/spelbits.pac	9	0x519B	1	1	1105	1109	11da890adaa99d0de8964ab71f88bc51a484615b6a1a6ad02b821dccfd9637b4
PACS/spelbits.pac	10	0x55F3	1	1	967	970	462d84d9ad1fca96ddbcb40aef8e31233426b6a210607034d5c166caad1326e1
PACS/spelbits.pac	11	0x59C1	1	1	846	849	2d2283d42c8f67e9044bc93691ff6345e1a31adc413fbe598d64b7676ce914d9
PACS/spelbits.pac	12	0x5D16	1	1	1480	1486	d2a8829d5cfcb2a01b403001dd5e067032cab0880994eb4511279b9a042df1ec
PACS/spelbits.pac	13	0x62E5	1	3	1101	1114	bd4039c794952bdf87f7676aad7677a4be5811b11f92275d380dd86ca04b2cf9
PACS/spelbits.pac	14	0x673F	1	22	1572	1672	d235771cb63d310eb1474ab99b68537e43b959dfb693b83f30f0b3d80b9daa46
PACS/spelbits.pac	15	0x6DA9	0	17	1590	1672	5d00374d3ee0cbbbad0bb706059ae3fe3b0f57c51f00abc346c1c8739bae8a6e
PRUMS/R00.PAC	0	0x0	0	43	997	2048	2a33a4f5562e42c0f52cbc144eed403fd412bfacab229abffdbc9e1113b5c54b
PRUMS/R01.PAC	0	0x0	0	49	909	2048	6c4326b137df484649a79b69e2272248c7ef72863a9afad83685148283d3a3b6
PRUMS/R10.PAC	0	0x0	0	42	914	2048	dad75d59bcebff98b43dc3ac71a45b65b0aca1b0689ae250c781005eeaf05bf4
PRUMS/R11.PAC	0	0x0	0	44	850	2048	53027c770c9a93bb5c80f9b1c26ce37902eab53c00ddc8a8bc08a6f14df028a8
PRUMS/R12.PAC	0	0x0	0	49	868	2048	f720e68203d6e689b548ab33a04327aed981152572ccd55c56404bd666e83498
PRUMS/R13.PAC	0	0x0	0	44	949	2048	dcead0ae4072a338fb197cd5c4776b1cb356e88776e28b4d045e2e1f908816d8
PRUMS/R14.PAC	0	0x0	0	38	756	2048	68cba3799d9274e444b59be1247628af1bdafb389bb8dee42feb5135d914041c
PRUMS/R15.PAC	0	0x0	0	47	872	2048	c20f673b50a88031f457fd41325ff5274ccd99dd73102623644e1b5dde48214f
PRUMS/R16.PAC	0	0x0	0	37	804	2048	e947230482d6f0b98c9628b4bd20c82bf887d0734e7b6ec87c34cd80e9f13262
PRUMS/R17.PAC	0	0x0	0	49	908	2048	ecdb63113a4ff4c818b67fe9ab2c6ab0cb4d92f8a5a2453223a2d0334c26556c
PRUMS/R20.PAC	0	0x0	0	46	947	2048	99a89533ecdf17641401c687e013dbefa52764b057524847781c78c85ed12889
PRUMS/R21.PAC	0	0x0	0	46	918	2048	c81f5a79e5da825d17c281675009e3e2c4d46feba710136987c0f391547ab156
PRUMS/R22.PAC	0	0x0	0	38	840	2048	c95683513ca720866bfcbdad24628d190217e6031252c9d5ac979caba7021fc1
PRUMS/R23.PAC	0	0x0	0	50	856	2048	818307b875631355062334929e157a10a8b56a88450f685776ee616497278462
PRUMS/R24.PAC	0	0x0	0	20	443	2048	3ed4c0c1ec260140c8b0270284d5d8757706e791cc7705887ef4ff925c8decd6
PRUMS/R30.PAC	0	0x0	0	46	895	2048	da25303abc686724f3caad35c15384579f2d84be48c40335a200869ef1cf8817
PRUMS/R40.PAC	0	0x0	0	47	950	2048	bf496c53a433e978845cce2c7031ea1e10e7bf4b8c945e03cad2e11a236e5b18
PRUMS/R41.PAC	0	0x0	0	44	923	2048	358822ae49488f13e5017c5cdd25060d358337a43dc362720e644a00ba975f47
PRUMS/R50.PAC	0	0x0	0	45	1043	2048	bd2c214febf2c87e31380892c8a3d6f1fe73b281d90c767bf912ed8d364bca10
PRUMS/R51.PAC	0	0x0	0	13	82	2048	be719cfaf34efd7b44fe6ab5091dba88ede3f3e1830f8394fa8a1d974781ccb9
PRUMS/R60.PAC	0	0x0	0	52	944	2048	0e2ced1fd68e2f6697f1ad101ae48506092e4b1e1d4f865e4521cf024b46abae
PRUMS/R61.PAC	0	0x0	0	48	773	2048	ef4e6200f3c00de14853956f62706de2f8b588251b21d83db03ee7333e816323
PRUMS/R62.PAC	0	0x0	0	49	677	2048	8821d1afcee0c34c75d90dd7fa77b470b7710825ee1a55d9ef1f711c9300f503
SPIT/M00.PAC	0	0x0	1	38	2131	3840	39db3fbeda42ce39a78ab803f6b34802ed190adf770bdbc601e0c4bdee11072f
SPIT/M00.PAC	1	0x8C9	1	26	3277	5760	c615d6698470a7b5aabe9ad03893f907c4e5601370a8a1a070ebae17ee9189c8
SPIT/M00.PAC	2	0x15E8	0	34	3144	5760	318d49a94b39497fcaf4cc47bb82763156696e78f32f0b55b9c1eea51702970a
SPIT/M01.PAC	0	0x0	1	25	2599	3840	4c48f4a6dbcb863359fb83c1cae8174999638d5a6ce9293dbdf6a200b0cfebaa
SPIT/M01.PAC	1	0xA76	1	30	1874	2880	ae62e036d804424ef9aed8cf38f82414891493112264cb99f6f40e566c943dbd
SPIT/M01.PAC	2	0x1226	1	24	2916	4320	4ec8b30dc1f846685f6cf9d217533b92cf2b2e0eaffd760cf87a80c81bcdf993
SPIT/M01.PAC	3	0x1DD6	0	30	2827	4320	e629e9cb98620003deba6a8b13a69668d1b9128e2ea7f6ce9cf6a2a60e27d726
SPIT/M02.PAC	0	0x0	1	29	2687	3840	26549e0f8dc81cfe7148d56988d6b98745f514fdd1f89127eeb76a5daf54768b
SPIT/M02.PAC	1	0xADA	1	42	1896	2880	603814ecd35ef718d3669c5529fcc5cdb868db8cae6c6357cb51d3cbd10c2393
SPIT/M02.PAC	2	0x12C4	1	25	3068	4320	7d10bdef93d89fd4ec8369102409108b0b580fe58e1ac89bda2fc9b145658356
SPIT/M02.PAC	3	0x1F0F	0	35	2883	4320	2ace75daeadbb99c9520a43942fa57cec820beb7ccbcfde9dc9ba23c5068f639
SPIT/M03.PAC	0	0x0	1	34	2095	3840	45ec1f2a9123ea45fc6ef2b97fa0fd48ea9ea5802751e8bbd8ad3ce5f6148c6d
SPIT/M03.PAC	1	0x899	1	45	1470	2880	a0e2c2f8f02f54aaf4a0c2f36e0cf4016b8803e1cd396a3faaebf2d269025c0b
SPIT/M03.PAC	2	0xEE2	1	44	2176	4320	2e0fc99ae46fd670ead05be4845a2da15d2f0fcf1345d879976533385cec3371
SPIT/M03.PAC	3	0x17EA	0	61	2131	4320	9fd26d1a1747434c64406e64eb0222b183470bb1f07597c6b1c9a859c8963946
SPIT/M04.PAC	0	0x0	1	25	2479	3840	757f12e56e03baf7f8f6b7045ce25b277f121a41f24cd589e168437a65205f37
SPIT/M04.PAC	1	0x9FE	1	30	1796	2880	757980e17265db02819945a58dfcb92188f4b8bfdb8bf22f71c9d6c5d8f472d3
SPIT/M04.PAC	2	0x1160	1	38	1286	2160	38006803eb2df3c1758b79555d87001eed206fcb365518425352894a8b4030c7
SPIT/M04.PAC	3	0x16DC	1	33	1040	1620	a42f0ea690514d8ee82059982e1013359f048b6185c0aab081e1e77cc5624bb4
SPIT/M04.PAC	4	0x1B53	1	36	1548	2430	753df86bbf5111ddb7571165fe0d1dcd29635ce25c0ba6e300bcd4641b26c378
SPIT/M04.PAC	5	0x21CF	0	35	1508	2430	14c66b48c6eaa6f3dd567c6035c03b23880aacd61168a2f400d5344e290b43c3
SPIT/M05.PAC	0	0x0	1	36	2223	3840	2ee14ab0bb74d147fde1b8bf9ab595f2f4b657f667b91dbf31840f355ff316c5
SPIT/M05.PAC	1	0x91F	1	26	3433	5760	687fb55c4a07a2712af18baa23b6cdb437e19898485bf7525070ed0c604f6f3d
SPIT/M05.PAC	2	0x16DA	0	28	3424	5760	727045ec4afaf4ba5a78d8b5b89d91afa3fab264865d407e84ef2ed635a9bb9f
SPIT/M06.PAC	0	0x0	1	26	3925	7680	0ca9edd2e47355b63b33761d75a5be7dd4abfd0e1f4faf62c0fd8b9f5c957d81
SPIT/M06.PAC	1	0xFA7	0	46	3630	7680	6574b725dec1d87634a11a2f296893817b77efa00d0e9e0026b9308ae0f12753
SPIT/M07.PAC	0	0x0	1	40	2035	3840	9cd83ed80b71993dbf36108d6ddff2f6b8411416f639d59892457af4effa005e
SPIT/M07.PAC	1	0x86F	1	23	3108	5760	e79b5de574935f0b50137f5af531e9979daa8184536a7c04a6c3748180cb0195
SPIT/M07.PAC	2	0x14DC	0	62	2693	5760	aad0c4972a817bf08042492190775ef1b052705fdda88dbcb5ae9db188b67fe1
SPIT/M08.PAC	0	0x0	1	30	2202	3840	65c89eefac74e437c051aabc66eaf275c5a3d232d88f39f69cac2d5e570900d2
SPIT/M08.PAC	1	0x8F8	1	37	1467	2880	5bab12e310040d0f57eee19403054db7fea05d0b903daeaffb9472044e45a44d
SPIT/M08.PAC	2	0xF26	1	31	2474	4320	fc57341350922cec2d04ffc67e404aed815ac5eeddce03dc2d17b2084d42c5a9
SPIT/M08.PAC	3	0x1931	0	48	2270	4320	59bb7fe15b1c6c14644787baff79dbab5ec5ad427e891fd6bf2e7b4a35dda499
SPIT/M09.PAC	0	0x0	1	46	2054	3840	1d8bdad644fe264c218282a10450e840d90a36e382035402c82f81a787021b62
SPIT/M09.PAC	1	0x894	1	25	3286	5760	1b7abfcf8c11c201714948efb4199e8f1f19ea5b009cdb226f438fc0e39881f4
SPIT/M09.PAC	2	0x15B9	0	26	3419	5760	58793bfba44b33051b7eaf57d973f9c95b3a71a47cac08b02d377c0d5a6edd71
SPIT/M0A.PAC	0	0x0	1	39	2048	3840	540ccd6c3e85b94927c4ffaab22decd8edb546b1b9688081ab164bd7f7656967
SPIT/M0A.PAC	1	0x879	1	27	3060	5760	3b94e73380b1e6c63dba4b802f50c0e77bae70057aa98ef5560f18e98ae47760
SPIT/M0A.PAC	2	0x14C2	0	44	2841	5760	db7b7888d4f989aafaaeb4edb75222346263dc47be43cdee2381f4873e0dfb0b
SPIT/M0B.PAC	0	0x0	1	27	2197	3840	2f9058d4e6eb0338b32edd5fc77f7b8d7821529aba4880cc3206d4f1ee0a285b
SPIT/M0B.PAC	1	0x8EA	1	35	1575	2880	561b1ac745b33d47f2377a1f3a15316d11234d05ba8e9a6739262feaa8cc72cd
SPIT/M0B.PAC	2	0xF7E	1	27	2537	4320	2fc8c9662808a680efe79c253a8db34926dd9017645d10075a7b366fa9ab7dde
SPIT/M0B.PAC	3	0x19BC	0	37	2350	4320	3dd5707659212a5a8770f88066e6d01893e5e20c4fffcffa1c8da086fa3696be
SPIT/M0C.PAC	0	0x0	1	30	3412	7680	1d3e48edefc7961bf0a5acace7666750b3b44334354a043b7c20117ff8a6404c
SPIT/M0C.PAC	1	0xDB2	0	46	3167	7680	3f5a3aa9dd603b3f5d73eb25bd12bda1a4fe37ce5d4944999291e15c6791e154
SPIT/M0D.PAC	0	0x0	1	43	2095	3840	a3e5ecbb0dfc38643ef6947f74b63b61ddbad7238384d8ba7c9e117a1f64c8c5
SPIT/M0D.PAC	1	0x8B4	1	25	3150	5760	b897d748fb3f9d56f63bf98936258b9f98c10f4d2a813cb11aa4ad87bc66c252
SPIT/M0D.PAC	2	0x1551	0	52	2898	5760	36e0ae901a77aac38f865a7a388671bd77aeb0b2c954deab5d78bad6aa34e272
SPIT/M0E.PAC	0	0x0	1	41	2200	3840	aea1ffe60215c0d5c89a02602b0c3261a3907cd88aee8c5266947bcd01fd05cf
SPIT/M0E.PAC	1	0x917	1	22	3326	5760	184045a832d6163ff4ee9359cd24ed71bf048f43cdc3d3b97f1f846e7e74f27c
SPIT/M0E.PAC	2	0x165B	0	38	3128	5760	b056b108288b161b01587a7c7470d4a77297ad9e14130d47586c6ab6c9984a6d
SPIT/M0F.PAC	0	0x0	1	23	2219	3840	43330246024d20eb82cfbe40fcded619424ae51246f46ac9cc85aaebf1b4b1ae
SPIT/M0F.PAC	1	0x8F4	1	34	1477	2880	0a6484372148baea2c3fe5663466365e582e2fc2af37cf8b471e12e04a5fadbe
SPIT/M0F.PAC	2	0xF23	1	31	2419	4320	73024b3e4fc304abad7c3e9f9e2532882fb92c65699e22e12c18be93bda12226
SPIT/M0F.PAC	3	0x18F7	0	25	2465	4320	d05d2105d8d2c5ea46522294c0bdf1bfe2d37a5c3c71a5289c733e59e6c399a5
SPIT/M10.PAC	0	0x0	1	32	3410	7680	abd28f92fe4d5fcba1a68956451490d456df54614bdb14cfdf113413d5f3caf1
SPIT/M10.PAC	1	0xDB6	0	55	3167	7680	96d10126cc957b72e009058f1eb8aa76ea9b7cbdafe08b1cc83acc5638d11f07
SPIT/M11.PAC	0	0x0	1	38	1957	3840	055d937aeb1cd9b42f8286091b921a2f36580c7bfee061c6bf427223d15778f2
SPIT/M11.PAC	1	0x81B	1	43	1376	2880	3b47b8d1e088ed07c074bf41a34291a6e1c5f2b47a66d51fe2eb428ce4aef939
SPIT/M11.PAC	2	0xE00	1	50	2060	4320	d93b6823f9f39f04d3421e8cc3a4f9d5d97a7fa23225a0c64365b2b09645e4fb
SPIT/M11.PAC	3	0x16A6	0	63	1928	4320	abfad700ba9179df55a680520bfb1d5d976648473cbb7c2b1b75d4d6cc182d3f
SPIT/M12.PAC	0	0x0	1	41	2091	3840	dddf023bc39387fc9d31b08639cb067865b7b8287b19b9ff19b7d753cbfa5fe0
SPIT/M12.PAC	1	0x8AA	1	22	3181	5760	02a2c80d0b914dfbc320c8bac95314c0edd0a2927d7a377141edcea65ba593eb
SPIT/M12.PAC	2	0x155D	0	46	2901	5760	b82414e4a0723f549da73b148c9110b3a00c5d7f69f55facdd71a28017e95d5a
SPIT/M13.PAC	0	0x0	1	29	2109	3840	f9ce9a34f5c567377eaba0400f06918384a4fe2ca4da3be7a9f9c9c05833fafe
SPIT/M13.PAC	1	0x898	1	23	3174	5760	0b995012a9f11739795bbba3b1441476eadb1ff6ff87fae7cc5be14f10ecd846
SPIT/M13.PAC	2	0x1547	0	26	3215	5760	9af37b6aa20a05f3f3b64d0b81ea358e44e17efffa66da04faae7a244a09e743
SPIT/M14.PAC	0	0x0	1	25	3873	7680	3b6f5b50769922fb1c804dc918e55d5aabfd8d52d718a478c434c0121641dd99
SPIT/M14.PAC	1	0xF70	0	63	3445	7680	f9630166e3ef3cf1d02fbaeafd05f6a7cc01dde1db65860ccaf1957e91b99908
SPIT/M15.PAC	0	0x0	0	21	7631	15360	0f69eeaf80195a7b167e64e78fe41718d57bf6a7d05281ad9039c84d5a625394
SPIT/M16.PAC	0	0x0	1	40	2021	3840	71e5269e071d39510ae821886f7478db027fae34b6edafa0049e8bb029db3df9
SPIT/M16.PAC	1	0x861	1	34	2941	5760	709c08b7b6f211b6dc6b98d0aaa1e27f2c33094a4b67060eef5edd477408cdbb
SPIT/M16.PAC	2	0x1448	0	53	2682	5760	43dccfc125f2f203b550090a6e1bc6e10017b9aad961eca4cd581c3ba5aff75c
SPIT/M17.PAC	0	0x0	1	45	1102	1920	52de89a63047c1c8cfc60eec08ca34f598b0109cce00d1f8329d13f4881d4c45
SPIT/M17.PAC	1	0x4D9	1	36	964	1680	fe1ca39edb3f67c7e073332ec4300c4894db24e3b7b6fbb4a412cf436d56f320
SPIT/M17.PAC	2	0x90D	1	37	1548	2940	6cabab944d4fbbe863cb95ee815257155bdda3b5d12fc07d15445357f0774a7f
SPIT/M17.PAC	3	0xF8C	1	21	2795	4410	c585371a011b6acd54340a1d66bb8acad58c6b7aa0d3d4febb3b55da25003e30
SPIT/M17.PAC	4	0x1ABA	0	22	2643	4410	0a6296a104094d56562fab3f76731e7f5941b75f23a11d0cdf5478d125c67b55
SPIT/M18.PAC	0	0x0	1	27	2284	3840	f96ca616936e52e0c146e0afa33e8b6d59181546f687b3eb497b5ca82404db8d
SPIT/M18.PAC	1	0x941	1	30	1582	2880	37167c319f33eb77d8b6f542d249df12765666b873e38c753034231078ff60e1
SPIT/M18.PAC	2	0xFCD	1	29	2592	4320	a36678b6c288e0be62ccd76a3781cd116fb64db9c958b9c908aef8ac3c1b9f6c
SPIT/M18.PAC	3	0x1A48	1	46	1134	2160	d28ec95c7924750c844afd3afee4a05719b91c99d03237b6d1180e1660e597e6
SPIT/M18.PAC	4	0x1F44	0	67	1116	2160	7ae852f083550b0bdbb411214703b67467431ae7291deb9ff2d3bd49e3a322fd
SPIT/M19.PAC	0	0x0	1	33	2420	3840	75409c636fb04726ec38b88425fd7d553ef8f6600751e80f2a12261a175643f8
SPIT/M19.PAC	1	0x9DB	1	34	862	1440	7add5a53f8f927ed021497e5c1511f08483d17fe3e7c09e0309d8bdb11d584a2
SPIT/M19.PAC	2	0xDA3	1	21	3317	5040	f9497caa264f344d3f48ddb1a825ab9fd78626f421f0adfe2737efae367ec5e5
SPIT/M19.PAC	3	0x1ADB	1	32	1556	2520	0d54f92c730e34f7cec57b1ad9f071bc09d8cb6e81f67a7014cd780eb4e88ce2
SPIT/M19.PAC	4	0x2153	0	69	1389	2520	2129f2eeaf4dc8a75e7e497faaea6d10b76ef5bc2e79982571e2ffdff76adee4
SPIT/M1A.PAC	0	0x0	1	24	4298	7680	a6a0405a5668bcaad757e26527c8bc3b739fc648fe73403d40f56a6400bf156c
SPIT/M1A.PAC	1	0x1116	1	46	2030	3840	f77592383b8911eacdc0b3f352370eb07f9c65b5f34d9b7a830c84a09ff4a2c0
SPIT/M1A.PAC	2	0x1992	0	41	1974	3840	d22aa290a89e507a3d6cf3daeb1ed8fd7e167f7e82fbddd98b198fa4feed6085
SPIT/M1B.PAC	0	0x0	1	46	2017	3840	85e7f225173937adaaa37d111e2ce0792898aa54a29dc2056a7224d8d19d88c1
SPIT/M1B.PAC	1	0x86F	1	50	1395	2880	4b182a0da40fa6b0f045a22dcda227f3f9a3e2674b719ba1b119d278778d6896
SPIT/M1B.PAC	2	0xE7C	1	42	2263	4320	b892617514bc9134ccb8c3632ed4009816baaffd7acba6924a9af3bcf11c2c87
SPIT/M1B.PAC	3	0x17D5	0	38	2222	4320	87da53d756932643ff83184995d40e2a8662bfeeb03177df54efbb790bf4c025
SPIT/M1C.PAC	0	0x0	1	42	1955	3840	e29952cbbf530a06482b7eafaf91b5ac59d64beb35fbc1717d3a8f0321077be2
SPIT/M1C.PAC	1	0x825	1	52	1338	2880	b51b8e38d20c098fe15d83c5a7e297593ee94cf5905a6bf38a22b538bfc7582d
SPIT/M1C.PAC	2	0xDFF	1	39	2193	4320	97e1b6d471a61ac79599fcc644f06a893f87be3df50302026783710d88ff45e1
SPIT/M1C.PAC	3	0x1709	0	45	2077	4320	3066f532ac708413b7937cd0bf00cddc0f1e329487331a8ad20b01a0705b7b45
SPIT/M1D.PAC	0	0x0	1	35	2335	3840	3e87386e71f3e97be47f5aee23505245a5217660c160c659c79a117804b44572
SPIT/M1D.PAC	1	0x98C	1	31	1627	2880	4005a3697e4802479e6a67c5a4956bd2bea3df7acd993142523790089d1cdd48
SPIT/M1D.PAC	2	0x1048	1	30	2738	4320	c008b030d9803c70c04a310d2b8de4366f0e1c86f1ad864b609697fc58d21702
SPIT/M1D.PAC	3	0x1B58	0	22	2772	4320	fac2e7b5a33c05dfe34e4e794f615639b8f0d832d89e5c4a4262bcd1cf183062
SPIT/M1E.PAC	0	0x0	1	23	4224	7680	0605a49d3e5761a19ed95cdae98b7a80e1640cf8a176180771376b18c1499dc0
SPIT/M1E.PAC	1	0x10C9	1	53	1925	3840	0a7a985c1b8fe697a944c89f1d079e7301c62dd3c712cd3ee9371d8202c85c8e
SPIT/M1E.PAC	2	0x18F1	0	45	1907	3840	325c575decc9c1b37260ec13a6cf9c06c9d5dcc1e480ab2d5a4e7b113771d0c7
SPIT/M1F.PAC	0	0x0	1	49	1951	3840	e905a173b71f92a7b1e7ed054830e76a7f85305189ec916701fb4f578c97cd9a
SPIT/M1F.PAC	1	0x836	1	21	3096	5760	f21da58ca86c269d8f0e9e17a3ca513c4bc6ef647fcecda29d9c4911bac40e6c
SPIT/M1F.PAC	2	0x1491	0	31	3108	5760	94de371f268a06c8fb910c8bf0266795a4e848e98871aaa638156b552e97aa97
SPIT/M20.PAC	0	0x0	1	24	3992	7680	ae0034759d5bdbd6d55769b78e27bf5495f2ce9d4d75483a187d8095c9515322
SPIT/M20.PAC	1	0xFE4	1	51	1816	3840	99e8a6292a5582e0eb23ee07cce2f7ccc22118511c21120fafa10890da303a3f
SPIT/M20.PAC	2	0x1799	0	56	1722	3840	da645064836ebeb2b0c9b70151f0d4ea250b751d55cee49dba6307d28f60bb0b
SPIT/M21.PAC	0	0x0	1	21	4141	7680	0945e92fe251c3a964028bec9dd2d6065826ee03f492b06de4fd968899a8d385
SPIT/M21.PAC	1	0x1070	0	21	4373	7680	0bef202d6981de24e576147cb339328a97109772c5ef310e26d24ea40100952c
SPIT/M80.PAC	0	0x0	0	37	616	1024	17ba185f480305d8bc0ede0ae4cdadbb24d5826b4eda6c4880b9619a8cde906d
SPIT/M81.PAC	0	0x0	0	49	719	1024	99fd9e1b3b622a4e4c0c40ac87cb17891cf5c007802fcceffd84afb0591b5f19
SPIT/M82.PAC	0	0x0	0	33	584	1024	301cf330dac2a1734cfa95d60dc56e1f669509f7eaa57a4196ca96599076f2af
SPIT/M83.PAC	0	0x0	0	16	239	1024	d73db31dd802d4e7d23b11989b605e2634bcd0ab266eba0f83deada9512d7456
SPIT/M84.PAC	0	0x0	0	21	143	1024	39d1c8a3066aef728b8a9f5c0739a5418937e1216bd81e3d9b9446a8d7696da0
SPIT/M85.PAC	0	0x0	0	12	189	1024	331bf85d3ef04205d9370ab4d942c3f454c9d136cfb8b793c5da7062ce95176a
SPIT/M86.PAC	0	0x0	0	16	330	1024	79cfb1a1b22c19d5fe29b35dbde76355cfd6989ae2110c8dc42fed483cc36f55
SPIT/M87.PAC	0	0x0	0	65	431	1024	f3c7e49aba6ff866fb10086ae7bcf0c7550d6801c518686cf969de306e1e9de5
