file	packed_size	unpacked_size	blocks	packed_sha256	unpacked_sha256	block_unpacked_sizes
PACS/A00.PAC	5827	9714	2	5f7e79d0f1a13b5587a142e2e970ed8af6c3eaeaed6c0a6c0d7edbd77f36bb31	998251c3a34c8ac2941f959d1585943944cc1f5a513b04043c83974ddd2ab842	4857,4857
PACS/A01.PAC	9769	14838	4	223da453dc938542df627eecca378b5c2c1671ffc7b8122763c3aae8f3decb31	3a994589b06b65b3fa3b97b02c38132ad7f36dc55ef8b9667a5596b3aa00c2be	3709,2782,4173,4174
PACS/A02.PAC	8949	10742	4	acaeccf065fa2adcef79767f61661e7a9fdff62abd05a2d0f6930db4f370db7c	7dfb8bd322d0e0c19f06b827dd6eb75a76541fb3c70ce8c6c200997ec672aa57	2685,4028,2014,2015
PACS/A03.PAC	8141	10338	6	a4caa510c31df203e02c4571ef0a147a42eb7573041cad1d26f072dbe9a17823	a068ed080a06c4eed5ec091a7e6c064a13e124cf1667f10f4542541ca7f9085c	2584,1938,1454,1090,1636,1636
PACS/A04.PAC	8811	10684	6	c73457a136b05f7e72bf362af02dd37192767dcd0b40e21c0072ade6df5158a3	050fb6312acd87e8dc0eba3c1de8e3d1a13b66dff8c655a47770f7661c048f2d	2671,2003,1502,1127,1690,1691
PACS/A05.PAC	6940	9852	3	9d84d9f802e0bfc98f09a8e3aae851f29d27c7178d068157e1838fb18b830b85	35251d83f0044ba75c65bc12823247d2288cffbf720561fb4d9c4f1fae7e635f	4926,2463,2463
PACS/A06.PAC	8980	12676	4	48b7b9f60d81820cac50e0eda6aaa095caf845bae3a07729894ad222fae3a9da	b796ca27db4074a8b26ff2f1641e859a265d8f61d7ddd60def1111c092d517ba	3169,2376,1782,5349
PACS/A07.PAC	8943	12580	3	b3c694111bd14a5b8d45cde2544b65d82ece61e9d8f9eb16fcd870ac7be50856	2e5422fa392e674ea5c39112827376002877318afae09b595ece7ee7d7a251b4	3145,4717,4718
PACS/A08.PAC	10781	14612	7	58981736925bc2ee3fd64de031c63ed82fa3621d3817d5d31cf31e40a4f321e4	1907dfc8ec90026ee07457f302e5a57a730b3c300af081e6b627a3c20c675043	3653,1369,1198,1049,917,3213,3213
PACS/A09.PAC	11195	16660	5	da4562a00dfc9e289384c43b3aaf2346c2d74feb4d3c4ffbb8e4fb90c7d05bd6	a56ee77738778024997dcfe8f5da9b394c257c98e6ab34a9c0f45395608244aa	4165,3123,2343,3514,3515
PACS/A0A.PAC	9122	11830	4	0dd93ddb45c9ba00358908f7d86afbc8d67d30a90091bcf20aea282eb68bb28d	8ec950a4f8c652acdbb7b0ae77607e794eaf553ad93f715d86b5934e1da4cc37	2957,2218,3327,3328
PACS/A0B.PAC	9017	14046	4	f8efe49ac8c5f9daf1ad8ac83534b94e2c859b7d445a9cd8f6799a86fba83d6b	7ba64e5fbd78be17f907274d16ad057c0e93c5e2bc2c232d6fb71b68610a549f	3511,2633,3951,3951
PACS/A0C.PAC	6834	12026	4	c42d98de62e3c0322908bb4c149560f8c2b99dee94004d0513e3f4ae0b5f10da	2232e8a123f93f0bdf49aa459ba6c0a4c046f0176f0cf4181e82495e3e70297a	3006,2255,3382,3383
PACS/A0D.PAC	8388	11710	5	a6910fe31fea54589d9974a2c44f313a88dffd034068f07980ad58727693b0a6	9c31cb59b5b7e37c2706c46821c85825cad4ba1a3f99860e8f93ac85379a44ac	2927,2195,1647,2470,2471
PACS/A0E.PAC	7755	13224	3	bfc5ecc26886ef015c57ddb62b97835856959ef03825411662a1577aa55b7492	4066ec09392bbd7c3f22227aaa4fce539a65bc07e5baf3a188bca5befa2a7353	3306,4959,4959
PACS/A0F.PAC	8176	9740	5	92542f44d52a45159579e94c6132c662910c0670416defeb634f98e58568c718	9df758a25ee54c7992abba02ab06b9d011e7b747cba1b70f21aac03d456dd04c	2435,3652,913,1370,1370
PACS/A10.PAC	12264	17410	7	96555cab9b7a1fcad651fe5a8d45fd4f8c68b22163109496384f85ffcffd1a3c	f0a2a2ae392c84b81dc8da0fab11314017266c4c19d4ab9d4d32dbfdea7e5628	4352,3264,2448,1836,1377,2066,2067
PACS/ANBORD.PAC	1188	1768	1	12b5b35292c1567bbbbb6a5c74d947230cae05073e5ca1fc58d6b5d261d5fba3	fcba6ab96456414dfa6f6f5b702956fe397d4e4f857390d56e40dcb15c75a924	1768
PACS/ANIMBORD.PAC	1173	1768	1	6b5be2fa527ee3ce872adf9c15052f708c66da969a579483cae94528653ab570	bfabc1bf7d07aeee3d8f3a29d5363549f831faf386ded7c13c5288f1784bf220	1768
PACS/F0.PAC	22743	35818	10	5251e8fd5805930d1576f062816fbc58ab6741f004f697c942cea73e67668313	d1a14983cc10bf7008bf4ad1e94103d8db072b781033ba8bd1a2de5834e5e50e	2238,4197,3672,3213,2812,4921,3691,2768,4153,4153
PACS/F1.PAC	22498	35818	9	0baee8065a81efaf44aec27e9979f3d9aaeffaf44b5c55a65cf196b99a940d33	dd0fc5493691841de94c187b01e63c957bb430cf324f663f18d9e4ec8c449f5b	2238,4197,3672,3213,5624,4218,3164,4746,4746
PACS/F2.PAC	14212	24408	5	19daf782a715cfffabb4b549964295ba785b4610556d9efbefca7b2a935487c8	6f05df1b7b9f828201e7a8a5bd6c83838f59253718f7d1bd51aeff6981c80565	6102,4576,6865,3432,3433
PACS/PARTY.PAC	11418	32000	4	443a8e8bbc19889de973e9cdd41a8ed2a26a4d5690fdf01c70d5be6033686799	222616b3e7a43c4fcb9c7e94b71c8cf3648db37e8a19de1f8f4003dd9f1281ef	16000,4000,3000,9000
PACS/TILES2.PAC	15862	22720	6	d65b5f9d7260f2603b86fef3c3902d567a521cc5ee0cd6aabbe1048b694f9267	97a0b5da43dc21db9f1835cc9823418700c34ba457c24467b0c0656e2246ac9c	2840,2485,4348,6523,3262,3262
PACS/TILESX.PAC	11758	14336	6	eaf8c9ab1b0dc1fcd1d344154897298410869d2ff7a6deb93a6d4c9f088209bc	a14acf2353b9b97b92feb2aae4bec40056d52dee4f5ae8206101d50a18aab832	3584,2688,4032,2016,1008,1008
PACS/UINV.PAC	1708	2816	1	74c38424a66ec3bab2a575d0392b7d7f7b7fc273f8989e4bd3891e9e152897f7	fbba4069aa3c6c3b55c1e64feb713a466a19c23db21341b288a2e37501bd9c8c	2816
PACS/WORLD.PAC	20675	22019	16	91bd80acadd9264cfd8c6dbe4c5ab7e3b665079558ffba2c1a1d1aed247a7da4	241a1fcc178637aeaaeeabb7b5db18337866f4a156feaad3a1143f01afb0f772	1376,1290,1209,1134,1063,1993,1744,1526,1335,1168,2045,1534,1150,1726,863,863
PACS/spelbits.pac	29718	36861	16	3214a832de316e10bc345ce583bfe91645a766b6d5159a7a51dbe86f7f6b9ee6	2c3c0a31e900599fff0c8bad8c52f6c41a959cb608f7b491d56ae58329733894	2303,1079,2092,3923,3433,6007,4506,1689,2957,1109,970,849,1486,1114,1672,1672
PRUMS/R00.PAC	1130	2048	1	eaa77af083e850ef78ef81268fb1988e896edcaa42a243550961624ea45a7b00	2a33a4f5562e42c0f52cbc144eed403fd412bfacab229abffdbc9e1113b5c54b	2048
PRUMS/R01.PAC	1060	2048	1	38c0ec21aa615ed3c73854878199ce839fd29fce1470bcaf7633b9876ca35552	6c4326b137df484649a79b69e2272248c7ef72863a9afad83685148283d3a3b6	2048
PRUMS/R10.PAC	1044	2048	1	0f16c7c48a6b3aa677b048a4a781efa1fa7c41fde4f84e8a2aeec7e52d6b5497	dad75d59bcebff98b43dc3ac71a45b65b0aca1b0689ae250c781005eeaf05bf4	2048
PRUMS/R11.PAC	986	2048	1	f3d9398dc1593a6c01152d4dcefe0e184ecc491285c743aff42a9fc23d2f746a	53027c770c9a93bb5c80f9b1c26ce37902eab53c00ddc8a8bc08a6f14df028a8	2048
PRUMS/R12.PAC	1019	2048	1	d6e267ff20eecde22325cccba9292813edb736e2afb435ad91d90bc57f9b6930	f720e68203d6e689b548ab33a04327aed981152572ccd55c56404bd666e83498	2048
PRUMS/R13.PAC	1085	2048	1	41dc61ede63aa73656ab222123e485801c8c17809e047a403d4f445d004093e8	dcead0ae4072a338fb197cd5c4776b1cb356e88776e28b4d045e2e1f908816d8	2048
PRUMS/R14.PAC	874	2048	1	5be2aae55c5ef73b7b3ebd0d92526f77d8c1b0b36a3b74d385db2ab61cfe48e3	68cba3799d9274e444b59be1247628af1bdafb389bb8dee42feb5135d914041c	2048
PRUMS/R15.PAC	1017	2048	1	3b7d7da95de9eae96c2afbc10e89dc23e43929db28616b3455114d85e42c16c7	c20f673b50a88031f457fd41325ff5274ccd99dd73102623644e1b5dde48214f	2048
PRUMS/R16.PAC	919	2048	1	8ebea7fcbaaf8e22f11cef8ab2b2af47431c5824269470867687d6ede7a60d61	e947230482d6f0b98c9628b4bd20c82bf887d0734e7b6ec87c34cd80e9f13262	2048
PRUMS/R17.PAC	1059	2048	1	1ce0ef6adb60618b5fe159cf0f1e9cba82803842a2b8175d41df6f131a7ca735	ecdb63113a4ff4c818b67fe9ab2c6ab0cb4d92f8a5a2453223a2d0334c26556c	2048
PRUMS/R20.PAC	1089	2048	1	85ac96e638c718dd60882c5daadb416c21bb30e1da22b3f7f13d96dbf1e2a35f	99a89533ecdf17641401c687e013dbefa52764b057524847781c78c85ed12889	2048
PRUMS/R21.PAC	1060	2048	1	92b47b970dadff0c3abf49ca3718c2f0a6ab935976cb546cc83487325fa78a62	c81f5a79e5da825d17c281675009e3e2c4d46feba710136987c0f391547ab156	2048
PRUMS/R22.PAC	958	2048	1	18f6feb29a694523c69edd13237c990737ee9740e57cc8c17bb1e7e97fa7a8b0	c95683513ca720866bfcbdad24628d190217e6031252c9d5ac979caba7021fc1	2048
PRUMS/R23.PAC	1010	2048	1	35763f5ac981785b8281da3f044946840ca150df3afca68e50b5ec8ca99cadd2	818307b875631355062334929e157a10a8b56a88450f685776ee616497278462	2048
PRUMS/R24.PAC	507	2048	1	7dfc2f79692633bfc0d4505747684ec80ac625645d28956edec67cdc769181c1	3ed4c0c1ec260140c8b0270284d5d8757706e791cc7705887ef4ff925c8decd6	2048
PRUMS/R30.PAC	1037	2048	1	57ea5a0b76b94c9237d47a2f9cd0b4f49fb76dcb178892286a5066bba86bd8c9	da25303abc686724f3caad35c15384579f2d84be48c40335a200869ef1cf8817	2048
PRUMS/R40.PAC	1095	2048	1	37f4a538703ff1fb99a744ebe53f3e68867225cb56897b0484ee41b4c96e1a30	bf496c53a433e978845cce2c7031ea1e10e7bf4b8c945e03cad2e11a236e5b18	2048
PRUMS/R41.PAC	1059	2048	1	d0be480841ff6cd5bdb7098835c4edfcca24f3b0df431bf9577f45a719e101da	358822ae49488f13e5017c5cdd25060d358337a43dc362720e644a00ba975f47	2048
PRUMS/R50.PAC	1182	2048	1	e4b76fe1575c971dfe030ba82937b84f52988608621c57517aabbeaf1cdd6a8f	bd2c214febf2c87e31380892c8a3d6f1fe73b281d90c767bf912ed8d364bca10	2048
PRUMS/R51.PAC	125	2048	1	347be71c1ca378a2fb48b10d36c7aae04f88d5f009ff258c0499e1632e696417	be719cfaf34efd7b44fe6ab5091dba88ede3f3e1830f8394fa8a1d974781ccb9	2048
PRUMS/R60.PAC	1104	2048	1	771d756c74a59a91940ad39790b6f0175f10b58f2c3b5899641b26639b45afa9	0e2ced1fd68e2f6697f1ad101ae48506092e4b1e1d4f865e4521cf024b46abae	2048
PRUMS/R61.PAC	921	2048	1	33b317abf561254c9538a2bd03fcc7e60e9f7e3c9e7ff98d85c44b1adf2eb2af	ef4e6200f3c00de14853956f62706de2f8b588251b21d83db03ee7333e816323	2048
PRUMS/R62.PAC	828	2048	1	847a1bf491e0f7eb687d69ffddc02b1c3c3be1456753d534b45a3e7670d5aff4	8821d1afcee0c34c75d90dd7fa77b470b7710825ee1a55d9ef1f711c9300f503	2048
SPIT/M00.PAC	8858	15360	3	8c2e9d07f716cbfbd1c6f71bcc1cb97d07ea71a5dfb5ec8bc61c7d20e163649f	5956067b459253c278229b926b5ef9a3560d2d6abf43bd0fc90897201195c2d9	3840,5760,5760
SPIT/M01.PAC	10559	15360	4	3a294e0932d613f80bf8e80c74d8ca95f0a7f80e46bf73023575242af6d033c5	48317d7d72e1fcbffe1e10236b028ff62e05e058271b57224b053c77f90aa34e	3840,2880,4320,4320
SPIT/M02.PAC	10943	15360	4	655862e64c0113e0c4e166411f95a8e73c064443e3bd84c0f4a9eb1f88959ca4	e1e25ad4e7d89ca59773a2952932c6eb26f0bda61f0f102eb9a6981f950b9adb	3840,2880,4320,4320
SPIT/M03.PAC	8440	15360	4	8b0e85ae4ff77e34f2c1ef7ed93cd4d61221a417dd2a56a80e01c3393a6580d9	0cff0fee6b98537ac25c2676cba3f3ab02cf72d55aa6712089c4e4734de6fe2d	3840,2880,4320,4320
SPIT/M04.PAC	10272	15360	6	3e8501371e24df4f322192c6cf53c917cdd859948c7f2a7c5b0e08596bed2b0e	d1a9a973aaf6c19dc79795ee1bd69c1964146ef4d569937ba67a5c71505f7536	3840,2880,2160,1620,2430,2430
SPIT/M05.PAC	9362	15360	3	12a1ae17fc6166f23e899d949830ca8ca6a05b5bee0196de4c482f374f0e9b87	a392ac1e01bc7892705bbe72323127f91e845033533e8e92ebcfcb9cbf1afdb3	3840,5760,5760
SPIT/M06.PAC	7779	15360	2	ce02c94f91df4db1c032a856f57e44aa5f30e774691d239c99831ce3474b0e08	9e4e42d6859af312718373207723611f0d3123b7d1a9e95c41be2113d0b24ca0	7680,7680
SPIT/M07.PAC	8223	15360	3	af880cb6035ea69e58d11f5daf1ae8c7414c29e7b47203ab92769d0a10341c17	399706b8133a8828ec396c0803cb8603cf4adddeda83ce08afb3fd52583261c7	3840,5760,5760
SPIT/M08.PAC	8867	15360	4	58f4e5b6689ee781d35696328bfd7f722d5c674364cdfa58b0b96f57dc8929ba	7eb798a34bc82412a2b26390a68ae6180d0a0b68e42f1dd6e7a7c1c3f7b2be9d	3840,2880,4320,4320
SPIT/M09.PAC	9062	15360	3	c83677f10aaef6765e83824dac08e6dbd3f42a95823d140785b8353caa504a6b	c0621e95b8013d84f458e504205ee947e45099c7b233fe20594d884af22900f7	3840,5760,5760
SPIT/M0A.PAC	8291	15360	3	9e80cd6236f5672e9d707a379ab54c75dc720b6d2be538400ef25ad7188c4b3c	b645ca7ff70d12ce899c5627d67abc9e4946f40600ecf4a336d2a4f92eb60123	3840,5760,5760
SPIT/M0B.PAC	9053	15360	4	b3c59d03b790f51eccec6c7352eefc330f771011e113b1855eca52226a8f54ec	8b78a013bddb0b732750ca7fd1b9c4970865d396267ad288a379a8a7b8bd218d	3840,2880,4320,4320
SPIT/M0C.PAC	6815	15360	2	36fc19390f5bb6fbcf9acca5fba0b6af759a262a08262d52727c1062486f4dc9	cfa3cb22bfb4be004a7bfebd19a3701a300b0d1681b32f20df5f7c0e711fcf6d	7680,7680
SPIT/M0D.PAC	8515	15360	3	5ace133965047e83f0281dbf74bf04c57ff76195858b2d273169e671e058c421	f790a3bd11dbb8294e1341d1efd8e72af16ab4d2c44990f18523fbf68bd4d8cb	3840,5760,5760
SPIT/M0E.PAC	8969	15360	3	240839a07bb626cdeb51166b3c39c4ef1d5479242a45d44a41868f09a69075e4	599ae966119ff696b7ce7c6830fcd1336f001c75bcf0ec7fc24b406a120b625b	3840,5760,5760
SPIT/M0F.PAC	8935	15360	4	78ed0a68ccd0245b0595c11cf05b2230e77ca82bb9cf281afe1c12eefb73bc98	8e5ca7e7bcd03eaca7634f8bca456b258ff78f95dd80765e2b8a5c6c8b372912	3840,2880,4320,4320
SPIT/M10.PAC	6846	15360	2	d2495ae20e7dacf516c79d473ab3c2690b7c0a3e025d05dce614f3ea5983748a	cd72a87feb165816aca62517a0a8a99128550175ade8b01840920adc0cbcf11c	7680,7680
SPIT/M11.PAC	7919	15360	4	b39fe8204750500fc42c205c6f8b7e5e456e59af71230832b262b25920f44a12	d724d103d5ce1b78b7f913b327a162b307c1d75237f283b41ef1de31ad403b77	3840,2880,4320,4320
SPIT/M12.PAC	8512	15360	3	c5cebc4ee47abc90f63e8aba1363a25fd88031fdc0b5608b418eec0316c94a8b	06cde035de269b0696422b8e6581322ef1651866758566df45bdf96bf3ff0840	3840,5760,5760
SPIT/M13.PAC	8744	15360	3	8321b19454c41df9dc88f74f6089295cb1ff1ae055f4ea1426b655b4defe3ca7	25af76f17c2be54fdef519595e27d6d3939268a1724fbddab84309ebe759f05a	3840,5760,5760
SPIT/M14.PAC	7590	15360	2	bfbe7c377ff7b006e2f9350d1a3383c8a8c64f4dab030194b2df4086dc8b23a1	206448b18515a94b4b69850014884799798a52de692a8dd67de440f6b9469df9	7680,7680
SPIT/M15.PAC	7698	15360	1	246411ea01ac8d2013babc53d9e87c929645a3a8a56bcb96d8284798d7b4fdab	0f69eeaf80195a7b167e64e78fe41718d57bf6a7d05281ad9039c84d5a625394	15360
SPIT/M16.PAC	8037	15360	3	346ded7e9f05a79c7f60d11d6f45d4838241860ef7b6bdad66968bfb9a717e01	fe693c4315f1074f06dc3431040031c47d80ec97aa10bdbbed431af911c5be62	3840,5760,5760
SPIT/M17.PAC	9555	15360	5	bab44665a7f6a19b50e962779dda1fafff77337695cb6d766d0bd33f1f03080a	4c48bfa054a667b3c3fed8d01f241efc1ad12192f237b426bbd803caf6ee784a	1920,1680,2940,4410,4410
SPIT/M18.PAC	9325	15360	5	6ca321cca01858f8a20be2e9f95f1a2f35730ec853ca0f91fd0a16aff6ed9639	3eaaa78b0fed76ddb549f00b75c38e3f205b7da2a27cd584cd33b041c003f553	3840,2880,4320,2160,2160
SPIT/M19.PAC	10131	15360	5	c891ee2ceca6e104e86546ffb4f458b3b637bdb92b9de8928fe673801af23ea9	c311a550cf7e49828ec77230365083b157d0727f949ae24975905ffd4692bb57	3840,1440,5040,2520,2520
SPIT/M1A.PAC	8647	15360	3	f547897622fa70d21eb7bac1dbed3528dd5ebaa30cd8b7a0ab85bfdf23a0a7a6	bed01a8abd6cc90f40a7e8237dd25c857b019d269eed407ebc021564b50f0d5d	7680,3840,3840
SPIT/M1B.PAC	8441	15360	4	66f1f8547119c63629b7448111ef614bb7e8611bc880590cf6f25bc2b22854b7	3df2650f771e9e27a43e7ceba2bb30146402cd5e5f455c0aa8d306bac5db4a51	3840,2880,4320,4320
SPIT/M1C.PAC	8113	15360	4	892c36233be657aa325c637ac5b6a3a098007bc36021e8cdd2651d4fad997d62	9f14faa7f103e0c842ad082f54e0e335d390374b5f580c71960a5f48edf6cf3e	3840,2880,4320,4320
SPIT/M1D.PAC	9842	15360	4	9fcc80ac4781bdc0b3997340e2c04cef70796419d6f4bae8b00dc18ce3d6ddc1	5f95abf85cbf0dd119f4527a74d0183c91cd53516469f476622b7ee305f1cf53	3840,2880,4320,4320
SPIT/M1E.PAC	8431	15360	3	740edda527978f7d4aa85cdbb8fc264200baba6b36c690051b89bb1f1325280a	845a0abebe3425067c6afe7c07b49be81950a95379315c299590a4a71f1c08eb	7680,3840,3840
SPIT/M1F.PAC	8470	15360	3	83325c6d46d129defba8a938fbc1dcb70e6306ca915246ce9589750307ed16c7	7a2c8a49620e437f59fca043b1769e7c0153ae93eddfa7cad23c361335bbc937	3840,5760,5760
SPIT/M20.PAC	7935	15360	3	63da5dd27b3d56e156ffb083fe31f0e55502e572142d102a54edf1577d030803	e9d9fdc855c38425aa95044dab897a5228087e075b87102e46fe0ee6010da392	7680,3840,3840
SPIT/M21.PAC	8648	15360	2	1e1bcb275f84232f8183ac455a1dc03d9f46f3202d8460dfc0d328f6797d6b7b	3730d44cb97e47b6a1edf6d8e0935607854e0814ad28713428fb394ba336b1c0	7680,7680
SPIT/M80.PAC	731	1024	1	898ba8f7b35095f27e5b44ee4a4c327d80e1ed7b3940b13b9644cd1eb546bf57	17ba185f480305d8bc0ede0ae4cdadbb24d5826b4eda6c4880b9619a8cde906d	1024
SPIT/M81.PAC	870	1024	1	e32f4306da8f458145a2656fa19066619d3b5e495a5fba61a987bd628f3a7ee4	99fd9e1b3b622a4e4c0c40ac87cb17891cf5c007802fcceffd84afb0591b5f19	1024
SPIT/M82.PAC	687	1024	1	803d1b4381d4135bfc922884ede13593da0d0f773b6c23ed84b07e3fde6fa1e3	301cf330dac2a1734cfa95d60dc56e1f669509f7eaa57a4196ca96599076f2af	1024
SPIT/M83.PAC	291	1024	1	7bffa6db61d8fe7b8e7f5747b7b6f75910220102cb4de4438b3c8f86ec565061	d73db31dd802d4e7d23b11989b605e2634bcd0ab266eba0f83deada9512d7456	1024
SPIT/M84.PAC	210	1024	1	be91beb61e7020e38c7a6fcfe5e2fd3bce35a64b4aa58b32e594d4b070272e15	39d1c8a3066aef728b8a9f5c0739a5418937e1216bd81e3d9b9446a8d7696da0	1024
SPIT/M85.PAC	229	1024	1	dee47badd30c25a27a7c2528625a88886933a990e65ac3e7c10380e39903bffa	331bf85d3ef04205d9370ab4d942c3f454c9d136cfb8b793c5da7062ce95176a	1024
SPIT/M86.PAC	382	1024	1	7776e26cc6df12157691b45b93806547c18ac8f0a5cb43714203ad6ca42d92bc	79cfb1a1b22c19d5fe29b35dbde76355cfd6989ae2110c8dc42fed483cc36f55	1024
SPIT/M87.PAC	630	1024	1	1d694bbb44c3d86cb9834b94fec670e2907b2a85a206a5ea0c464bc24fb4d97a	f3c7e49aba6ff866fb10086ae7bcf0c7550d6801c518686cf969de306e1e9de5	1024
